Algorithm,ARI,Silhouette,Davies_Bouldin,NMI,Inertia
K-Means,0.5558749464940614,0.17306756326942915,1.5861679535881128,0.43646848200216354,6763.99017495972
