Model,Accuracy,Precision (macro),Recall (macro),F1-Score (macro),F1 (N),F1 (P),F1 (Y),Training Time (s),CV F1 Mean,CV F1 Std
Logistic Regression,0.9481865284974094,0.8102149422904139,0.8710633946830265,0.8368933999899005,0.926829268292683,0.6086956521739131,0.9751552795031057,1.808946132659912,0.923422140734948,0.0120450018447459
Random Forest,0.9948186528497409,0.9979674796747968,0.9666666666666667,0.9814367723590322,1.0,0.9473684210526315,0.9969418960244648,23.5361225605011,0.9953642627058823,0.0019247027816303545
