Model,Accuracy,Precision (macro),Recall (macro),F1-Score (macro),F1 (N),F1 (P),F1 (Y),Training Time (s),CV F1 Mean,CV F1 Std
Logistic Regression,0.9481865284974094,0.8102149422904139,0.8710633946830265,0.8368933999899005,0.926829268292683,0.6086956521739131,0.9751552795031055,1.808946132659912,0.923422140734948,0.01204500184474594
